asn,country,rir,status,date
1,US,arin,assigned,20010920
2,US,arin,assigned,19910110
3,US,arin,assigned,00000000
4,US,arin,assigned,19840222
5,US,arin,assigned,19840202
6,US,arin,assigned,19840202
7,EU,ripe,allocated,19930901
8,US,arin,assigned,19840326
9,US,arin,assigned,19840417
10,US,arin,assigned,00000000
11,US,arin,assigned,19840704
12,US,arin,assigned,19840705
13,US,arin,assigned,19840716
14,US,arin,assigned,00000000
15,US,arin,assigned,00000000
16,US,arin,assigned,00000000
17,US,arin,assigned,19840801
18,US,arin,assigned,19840727
19,US,arin,assigned,19840727
20,US,arin,assigned,19840727
21,US,arin,assigned,19840730
22,US,arin,assigned,19840730
23,US,arin,assigned,19840802
24,US,arin,assigned,19840803
25,US,arin,assigned,19840803
26,US,arin,assigned,19840810
27,US,arin,assigned,19840828
28,DE,ripe,allocated,19930901
29,US,arin,assigned,19840918
30,US,arin,assigned,19840921
31,US,arin,assigned,19840921
32,US,arin,assigned,19840924
33,US,arin,assigned,19840924
34,US,arin,assigned,19841003
35,US,arin,assigned,00000000
36,US,arin,assigned,19850104
37,US,arin,assigned,19850104
38,US,arin,assigned,19850124
39,US,arin,assigned,19850208
40,US,arin,assigned,19850228
41,US,arin,assigned,19850220
42,US,arin,assigned,20010516
43,US,arin,assigned,19850411
44,US,arin,assigned,19850605
45,US,arin,assigned,19850703
46,US,arin,assigned,19850816
47,US,arin,assigned,19850816
48,US,arin,assigned,19850828
49,US,arin,assigned,19850904
50,US,arin,assigned,19850920
51,US,arin,assigned,19851009
52,US,arin,assigned,19851024
53,US,arin,assigned,19851224
54,US,arin,assigned,19851224
55,US,arin,assigned,19851218
56,US,arin,assigned,19851218
57,US,arin,assigned,19851218
58,CA,arin,assigned,19851218
59,US,arin,assigned,19860121
60,US,arin,assigned,19860212
61,US,arin,assigned,19860218
62,US,arin,assigned,20120928
63,US,arin,assigned,19860224
64,US,arin,assigned,19860304
65,US,arin,assigned,19860318
66,US,arin,assigned,19860318
67,US,arin,assigned,19860403
68,US,arin,assigned,19860410
69,US,arin,assigned,19860410
70,US,arin,assigned,19860414
71,US,arin,assigned,19860414
72,US,arin,assigned,19860505
73,US,arin,assigned,19860505
74,CA,arin,assigned,19860505
75,US,arin,assigned,19860505
76,US,arin,assigned,19860505
77,US,arin,assigned,19860505
78,US,arin,assigned,20001028
79,US,arin,assigned,19860505
80,US,arin,assigned,19860505
81,US,arin,assigned,19860807
82,US,arin,assigned,19860807
83,US,arin,assigned,19860807
84,US,arin,assigned,19861003
85,US,arin,assigned,19861010
86,US,arin,assigned,19861121
87,US,arin,assigned,19861010
88,US,arin,assigned,19861010
89,US,arin,assigned,19861112
90,US,arin,assigned,19861107
91,US,arin,assigned,19861118
92,US,arin,assigned,19861201
93,US,arin,assigned,20000329
94,US,arin,assigned,19870116
95,US,arin,assigned,19870123
96,US,arin,assigned,19870128
97,US,arin,assigned,19991206
98,US,arin,assigned,19870210
99,US,arin,assigned,19870219
100,US,arin,assigned,19870226
101,US,arin,assigned,19870331
102,US,arin,assigned,19870331
103,US,arin,assigned,19870409
104,US,arin,assigned,19870409
105,US,arin,assigned,19870409
106,US,arin,assigned,19870428
107,US,arin,assigned,19870428
108,US,arin,assigned,19870505
109,US,arin,assigned,19870506
110,US,arin,assigned,19870507
111,US,arin,assigned,19870511
112,US,arin,assigned,20020319
113,US,arin,assigned,19870512
114,US,arin,assigned,20000329
115,US,arin,assigned,19870611
116,US,arin,assigned,20000504
117,US,arin,assigned,19870612
118,US,arin,assigned,19870622
119,US,arin,assigned,19870624
120,US,arin,assigned,19870804
121,US,arin,assigned,19870813
122,US,arin,assigned,19870821
123,US,arin,assigned,19870824
124,US,arin,assigned,19870828
125,US,arin,assigned,19870828
126,US,arin,assigned,19870909
127,US,arin,assigned,19870916
128,US,arin,assigned,19870923
129,US,arin,assigned,19870923
130,US,arin,assigned,19870923
131,US,arin,assigned,19870930
132,US,arin,assigned,19871015
133,US,arin,assigned,19871019
134,US,arin,assigned,19871025
135,US,arin,assigned,19871026
136,US,arin,assigned,19871103
137,IT,ripe,allocated,19930901
138,US,arin,assigned,19871111
139,US,arin,assigned,19871125
140,US,arin,assigned,19871203
141,US,arin,assigned,19871208
142,US,arin,assigned,19871215
143,US,arin,assigned,19871216
144,US,arin,assigned,19871216
145,US,arin,assigned,19960416
146,US,arin,assigned,19871221
147,US,arin,assigned,19871221
148,US,arin,assigned,19871224
149,US,arin,assigned,19880104
150,US,arin,assigned,19880104
151,US,arin,assigned,19880104
152,US,arin,assigned,19880104
153,US,arin,assigned,19880105
154,US,arin,assigned,19880108
155,US,arin,assigned,19880111
156,US,arin,assigned,19880201
157,US,arin,assigned,19880205
158,US,arin,assigned,19880205
159,US,arin,assigned,19880219
160,US,arin,assigned,19880225
161,US,arin,assigned,19880225
162,US,arin,assigned,19880301
163,US,arin,assigned,19880317
164,US,arin,assigned,19880323
165,US,arin,assigned,19880325
166,US,arin,assigned,19880329
167,US,arin,assigned,19880404
168,US,arin,assigned,19880405
169,US,arin,assigned,19880408
170,US,arin,assigned,19880412
171,US,arin,assigned,20090721
172,US,arin,assigned,19880418
173,JP,apnic,allocated,20020801
174,US,arin,assigned,19960516
175,US,arin,assigned,19880420
176,US,arin,assigned,19880421
177,US,arin,assigned,19880428
178,US,arin,assigned,19880428
179,US,arin,assigned,19880428
180,US,arin,assigned,19880428
181,US,arin,assigned,19880428
182,US,arin,assigned,19880428
183,US,arin,assigned,19880428
184,US,arin,assigned,19880428
185,US,arin,assigned,19880428
186,US,arin,assigned,19880502
187,US,arin,assigned,20090722
188,US,arin,assigned,19880509
189,US,arin,assigned,20020605
190,US,arin,assigned,19880517
191,US,arin,assigned,19880518
192,US,arin,assigned,19880520
193,US,arin,assigned,19960826
194,US,arin,assigned,19880526
195,US,arin,assigned,19880526
196,US,arin,assigned,19880527
197,US,arin,assigned,20010417
198,US,arin,assigned,19880602
199,US,arin,assigned,20020605
200,US,arin,assigned,20020605
201,US,arin,assigned,20020605
202,US,arin,assigned,20020605
203,US,arin,assigned,20020605
204,US,arin,assigned,19880615
205,US,arin,assigned,19880615
206,US,arin,assigned,19990625
207,US,arin,assigned,19880622
208,US,arin,assigned,19880622
209,US,arin,assigned,19981113
210,US,arin,assigned,19961001
211,US,arin,assigned,19880707
212,,arin,reserved,
213,US,arin,assigned,19880711
214,US,arin,assigned,19880712
215,US,arin,assigned,19880713
216,US,arin,assigned,19880718
217,US,arin,assigned,19880725
218,US,arin,assigned,19880729
219,US,arin,assigned,19880809
220,US,arin,assigned,19880812
221,US,arin,assigned,19880812
222,US,arin,assigned,19880812
223,US,arin,assigned,19880815
224,NO,ripe,allocated,19930901
225,US,arin,assigned,19880831
226,US,arin,assigned,19880901
227,US,arin,assigned,19881007
228,US,arin,assigned,19880908
229,US,arin,assigned,19880912
230,US,arin,assigned,19880912
231,US,arin,assigned,20210628
232,US,arin,assigned,19880912
233,US,arin,assigned,19880912
234,US,arin,assigned,19960701
235,US,arin,assigned,19880912
236,US,arin,assigned,19880912
237,US,arin,assigned,19880912
238,US,arin,assigned,19880912
239,CA,arin,assigned,19880920
240,US,arin,assigned,19880922
241,US,arin,assigned,19880922
242,US,arin,assigned,19881003
243,US,arin,assigned,19881004
244,US,arin,assigned,19881005
245,US,arin,assigned,19881021
246,US,arin,assigned,19881027
247,US,arin,assigned,19881027
248,EU,ripe,allocated,19930901
249,EU,ripe,allocated,19930901
250,EU,ripe,allocated,19930901
251,EU,ripe,allocated,19930901
252,US,arin,assigned,19881102
253,US,arin,assigned,20000412
254,US,arin,assigned,19881111
255,US,arin,assigned,19881128
256,US,arin,assigned,19881209
257,US,arin,assigned,19881222
258,US,arin,assigned,19881223
259,US,arin,assigned,19890104
260,US,arin,assigned,19890104
261,EU,ripe,allocated,19930901
262,US,arin,assigned,20000711
263,US,arin,assigned,20000711
264,US,arin,assigned,19890123
265,US,arin,assigned,19890201
266,US,arin,assigned,20251014
267,US,arin,assigned,20000517
268,US,arin,assigned,19890209
269,US,arin,assigned,19890222
270,US,arin,assigned,19890224
271,CA,arin,assigned,19890224
272,US,arin,assigned,19890227
273,US,arin,assigned,19890303
274,US,arin,assigned,19890310
275,US,arin,assigned,20000329
276,US,arin,assigned,20010508
277,US,arin,assigned,19890331
278,MX,lacnic,allocated,19890331
279,US,arin,assigned,20020605
280,US,arin,assigned,20000329
281,US,arin,assigned,20020605
282,,arin,reserved,
283,US,arin,assigned,20090721
284,US,arin,assigned,19890511
285,US,arin,assigned,19890511
286,US,ripe,allocated,19930901
287,US,arin,assigned,19890517
288,DE,ripe,allocated,19930901
289,US,arin,assigned,19890602
290,US,arin,assigned,19900717
291,US,arin,assigned,19970617
292,US,arin,assigned,19970616
293,US,arin,assigned,19970616
294,EU,ripe,allocated,19930901
295,US,arin,assigned,19890607
296,US,arin,assigned,19890608
297,US,arin,assigned,19890609
298,US,arin,assigned,19890614
299,US,arin,assigned,19890615
300,US,arin,assigned,19890615
301,US,arin,assigned,19890621
302,US,arin,assigned,19890623
303,US,arin,assigned,19890626
304,US,arin,assigned,19890627
305,US,arin,assigned,19890627
306,US,arin,assigned,19890630
307,US,arin,assigned,19890630
308,US,arin,assigned,19890630
309,US,arin,assigned,19890630
310,US,arin,assigned,19890630
311,US,arin,assigned,19890630
312,US,arin,assigned,19890630
313,US,arin,assigned,19890630
314,US,arin,assigned,19890630
315,US,arin,assigned,19890630
316,US,arin,assigned,19890630
317,US,arin,assigned,19890630
318,US,arin,assigned,19890630
319,US,arin,assigned,19890630
320,US,arin,assigned,19890630
321,US,arin,assigned,19890630
322,US,arin,assigned,19890630
323,US,arin,assigned,19890630
324,US,arin,assigned,19890630
325,US,arin,assigned,19890630
326,US,arin,assigned,19890630
327,US,arin,assigned,19890630
328,US,arin,assigned,19890630
329,US,arin,assigned,19890630
330,US,arin,assigned,19890630
331,US,arin,assigned,19890630
332,US,arin,assigned,19890630
333,US,arin,assigned,19890630
334,US,arin,assigned,19890630
335,US,arin,assigned,19890630
336,US,arin,assigned,19890630
337,US,arin,assigned,19890630
338,US,arin,assigned,19890630
339,US,arin,assigned,19890630
340,US,arin,assigned,19890630
341,US,arin,assigned,19890630
342,US,arin,assigned,19890630
343,US,arin,assigned,19890630
344,US,arin,assigned,19890630
345,US,arin,assigned,19890630
346,US,arin,assigned,19890630
347,US,arin,assigned,19890630
348,US,arin,assigned,19890630
349,US,arin,assigned,19890630
350,US,arin,assigned,19890630
351,US,arin,assigned,19890630
352,US,arin,assigned,19890630
353,US,arin,assigned,19890630
354,US,arin,assigned,19890630
355,US,arin,assigned,19890630
356,US,arin,assigned,19890630
357,US,arin,assigned,19890630
358,US,arin,assigned,19890630
359,US,arin,assigned,19890630
360,US,arin,assigned,19890630
361,US,arin,assigned,19890630
362,US,arin,assigned,19890630
363,US,arin,assigned,19890630
364,US,arin,assigned,19890630
365,US,arin,assigned,19890630
366,US,arin,assigned,19890630
367,US,arin,assigned,19890630
368,US,arin,assigned,19890630
369,US,arin,assigned,19890630
370,US,arin,assigned,19890630
371,US,arin,assigned,19890630
372,US,arin,assigned,19890710
373,US,arin,assigned,19890713
374,US,arin,assigned,19890718
375,FI,ripe,allocated,19930901
376,CA,arin,assigned,19890727
377,US,arin,assigned,19890801
378,IL,ripe,allocated,19930901
379,US,arin,assigned,19890804
380,US,arin,assigned,19890804
381,US,arin,assigned,19890804
382,US,arin,assigned,19890804
383,US,arin,assigned,19890804
384,US,arin,assigned,19890804
385,US,arin,assigned,19890804
386,US,arin,assigned,19890804
387,US,arin,assigned,19890804
388,US,arin,assigned,19890804
389,US,arin,assigned,19890804
390,US,arin,assigned,19890804
391,US,arin,assigned,19890804
392,US,arin,assigned,19890804
393,US,arin,assigned,19890804
394,US,arin,assigned,19890804
395,US,arin,assigned,19890804
396,US,arin,assigned,19890804
397,US,arin,assigned,19890804
398,US,arin,assigned,19890804
399,US,arin,assigned,19890804
400,US,arin,assigned,19890804
401,US,arin,assigned,19890804
402,US,arin,assigned,19890804
403,US,arin,assigned,19890804
404,US,arin,assigned,19890804
405,US,arin,assigned,19890804
406,US,arin,assigned,19890804
407,US,arin,assigned,19890804
408,US,arin,assigned,19890804
409,US,arin,assigned,19890804
410,US,arin,assigned,19890804
411,US,arin,assigned,19890804
412,US,arin,assigned,19890804
413,US,arin,assigned,19890804
414,US,arin,assigned,19890804
415,US,arin,assigned,19890804
416,US,arin,assigned,19890804
417,US,arin,assigned,19890804
418,US,arin,assigned,19890804
419,US,arin,assigned,19890804
420,US,arin,assigned,19890804
421,US,arin,assigned,19890804
422,US,arin,assigned,19890804
423,US,arin,assigned,19890804
424,US,arin,assigned,19890804
425,US,arin,assigned,19890804
426,US,arin,assigned,19890804
427,US,arin,assigned,19890804
428,US,arin,assigned,19890804
429,US,arin,assigned,19890804
430,US,arin,assigned,19890804
431,US,arin,assigned,19890804
432,US,arin,assigned,19890804
433,US,arin,assigned,19890804
434,US,arin,assigned,19890804
435,US,arin,assigned,19890804
436,US,arin,assigned,19890804
437,US,arin,assigned,19890804
438,US,arin,assigned,19890804
439,US,arin,assigned,19890804
440,US,arin,assigned,19890804
441,US,arin,assigned,19890804
442,US,arin,assigned,19890804
443,US,arin,assigned,19890804
444,US,arin,assigned,19890804
445,US,arin,assigned,19890804
446,US,arin,assigned,19890804
447,US,arin,assigned,19890804
448,US,arin,assigned,19890804
449,US,arin,assigned,19890804
450,US,arin,assigned,19890804
451,US,arin,assigned,19890804
452,US,arin,assigned,19890804
453,US,arin,assigned,19890804
454,US,arin,assigned,19890804
455,US,arin,assigned,19890804
456,US,arin,assigned,19890804
457,US,arin,assigned,19890804
458,US,arin,assigned,19890804
459,US,arin,assigned,19890804
460,US,arin,assigned,19890804
461,US,arin,assigned,19890804
462,US,arin,assigned,19890804
463,US,arin,assigned,19890804
464,US,arin,assigned,19890804
465,US,arin,assigned,19890804
466,US,arin,assigned,19890804
467,US,arin,assigned,19890804
468,US,arin,assigned,19890804
469,US,arin,assigned,19890804
470,US,arin,assigned,19890804
471,US,arin,assigned,19890804
472,US,arin,assigned,19890804
473,US,arin,assigned,19890804
474,US,arin,assigned,19890804
475,US,arin,assigned,19890804
476,US,arin,assigned,19890804
477,US,arin,assigned,19890804
478,US,arin,assigned,19890804
479,US,arin,assigned,19890804
480,US,arin,assigned,19890804
481,US,arin,assigned,19890804
482,US,arin,assigned,19890804
483,US,arin,assigned,19890804
484,US,arin,assigned,19890804
485,US,arin,assigned,19890804
486,US,arin,assigned,19890804
487,US,arin,assigned,19890804
488,US,arin,assigned,19890804
489,US,arin,assigned,19890804
490,US,arin,assigned,19890804
491,US,arin,assigned,19890804
492,US,arin,assigned,19890804
493,US,arin,assigned,19890804
494,US,arin,assigned,19890804
495,US,arin,assigned,19890804
496,US,arin,assigned,19890804
497,US,arin,assigned,19890804
498,US,arin,assigned,19890804
499,US,arin,assigned,19890804
500,US,arin,assigned,19890804
501,US,arin,assigned,19890804
502,US,arin,assigned,19890804
503,US,arin,assigned,19890804
504,US,arin,assigned,19890804
505,US,arin,assigned,19890804
506,US,arin,assigned,19890804
507,US,arin,assigned,19890804
508,US,arin,assigned,19890804
509,US,arin,assigned,19890807
510,US,arin,assigned,20100111
511,US,arin,assigned,20170801
512,US,arin,assigned,19890823
513,CH,ripe,allocated,19921117
514,US,arin,assigned,19890831
515,US,arin,assigned,19890831
516,US,arin,assigned,19890906
517,US,ripe,allocated,19930901
518,US,arin,assigned,19890908
519,US,arin,assigned,19890914
520,US,arin,assigned,19890919
521,US,arin,assigned,19890922
522,US,arin,assigned,19890925
523,US,arin,assigned,19890926
524,US,arin,assigned,20020605
525,US,arin,assigned,19890930
526,US,arin,assigned,19890929
527,US,arin,assigned,19890929
528,EU,ripe,allocated,19930901
529,EU,ripe,allocated,19930901
530,US,arin,assigned,19890929
531,US,arin,assigned,19890929
532,US,arin,assigned,19890929
533,US,arin,assigned,19890929
534,US,arin,assigned,19890929
535,US,arin,assigned,19890929
536,US,arin,assigned,19890929
537,US,arin,assigned,19890929
538,US,arin,assigned,19890929
539,US,arin,assigned,19890929
540,US,arin,assigned,19890929
541,US,arin,assigned,19890919
542,CA,arin,assigned,19891011
543,US,arin,assigned,19891017
544,EU,ripe,allocated,19930901
545,US,arin,assigned,19891017
546,US,arin,assigned,19891107
547,US,arin,assigned,19891103
548,US,arin,assigned,19891108
549,CA,arin,assigned,19891109
550,US,arin,assigned,19891113
551,US,arin,assigned,19891113
552,US,arin,assigned,19891114
553,DE,ripe,allocated,19930901
554,US,arin,assigned,19891130
555,US,arin,assigned,19891130
556,US,arin,assigned,19891219
557,US,arin,assigned,19891213
558,US,arin,assigned,19891213
559,CH,ripe,allocated,19930901
560,US,arin,assigned,20020605
561,US,arin,assigned,19900101
562,US,arin,assigned,19900101
563,US,arin,assigned,19900101
564,US,arin,assigned,19900116
565,FI,ripe,allocated,19930901
566,CA,arin,assigned,19900713
567,US,arin,assigned,19900518
568,US,arin,assigned,19900101
569,US,arin,assigned,19900112
570,US,arin,assigned,19900116
571,US,arin,assigned,19900116
572,US,arin,assigned,20140218
573,US,arin,assigned,19900131
574,US,arin,assigned,19900131
575,US,arin,assigned,19900401
576,US,arin,assigned,19900207
577,CA,arin,assigned,19990303
578,,arin,reserved,
579,US,arin,assigned,20230503
580,US,arin,assigned,19900207
581,US,arin,assigned,19900207
582,US,arin,assigned,19900207
583,US,arin,assigned,19900207
584,US,arin,assigned,19900207
585,US,arin,assigned,19900207
586,US,arin,assigned,19900207
587,US,arin,assigned,19900207
588,US,arin,assigned,20021015
589,US,arin,assigned,19900212
590,EU,ripe,allocated,19930901
591,CA,arin,assigned,19900228
592,US,arin,assigned,19900301
593,EU,ripe,allocated,19930901
594,US,arin,assigned,20020605
595,US,arin,assigned,20020605
596,US,arin,assigned,20020605
597,US,arin,assigned,20020605
598,US,arin,assigned,20020605
599,US,arin,assigned,19900311
600,US,arin,assigned,19900311
601,CA,arin,assigned,19990303
602,CA,arin,assigned,19990303
603,US,arin,assigned,19990303
604,,arin,reserved,
605,US,arin,assigned,20090721
606,US,arin,assigned,20140311
607,US,arin,assigned,20251014
608,,arin,reserved,
609,US,arin,assigned,20090722
610,US,arin,assigned,20090722
611,CA,arin,assigned,20180614
612,US,arin,assigned,20170804
613,US,arin,assigned,19900324
614,US,arin,assigned,19900402
615,US,arin,assigned,19900405
616,US,arin,assigned,19900419
617,US,arin,assigned,19900419
618,US,arin,assigned,19900419
619,US,arin,assigned,19900419
620,US,arin,assigned,19900419
621,US,arin,assigned,19900419
622,US,arin,assigned,19900419
623,US,arin,assigned,19900419
624,US,arin,assigned,19900419
625,US,arin,assigned,19900419
626,US,arin,assigned,19900419
627,US,arin,assigned,19900419
628,US,arin,assigned,19900419
629,US,arin,assigned,19900419
630,US,arin,assigned,19900419
631,US,arin,assigned,19900419
632,US,arin,assigned,19900419
633,US,arin,assigned,19900419
634,US,arin,assigned,19900419
635,US,arin,assigned,19900419
636,US,arin,assigned,19900419
637,US,arin,assigned,19900419
638,US,arin,assigned,19900419
639,US,arin,assigned,19900419
640,US,arin,assigned,19900419
641,US,arin,assigned,19900419
642,US,arin,assigned,19900419
643,US,arin,assigned,19900419
644,US,arin,assigned,19900419
645,US,arin,assigned,19900419
646,US,arin,assigned,19900419
647,US,arin,assigned,19900419
648,US,arin,assigned,19900419
649,US,arin,assigned,19900419
650,US,arin,assigned,19900419
651,US,arin,assigned,19900419
652,US,arin,assigned,19900419
653,US,arin,assigned,19900419
654,US,arin,assigned,19900419
655,US,arin,assigned,19900419
656,US,arin,assigned,19900419
657,US,arin,assigned,19900419
658,US,arin,assigned,19900419
659,US,arin,assigned,19900419
660,US,arin,assigned,19900419
661,US,arin,assigned,19900419
662,US,arin,assigned,19900419
663,US,arin,assigned,19900419
664,US,arin,assigned,19900419
665,US,arin,assigned,19900419
666,US,arin,assigned,19900419
667,US,arin,assigned,19900419
668,US,arin,assigned,19900424
669,EU,ripe,allocated,19930901
670,US,arin,assigned,19900430
671,US,arin,assigned,19900430
672,US,arin,assigned,19900430
673,US,arin,assigned,19900430
674,US,arin,assigned,19900518
675,US,arin,assigned,19900524
676,AR,lacnic,allocated,19900523
677,US,arin,assigned,19900523
678,US,arin,assigned,19900605
679,AT,ripe,allocated,19930901
680,DE,ripe,allocated,19930901
681,NZ,apnic,allocated,20020801
682,US,arin,assigned,19900613
683,US,arin,assigned,19900614
684,CA,arin,assigned,19900614
685,US,arin,assigned,20010131
686,US,arin,assigned,19900621
687,US,arin,assigned,19900621
688,US,arin,assigned,19900625
689,US,arin,assigned,19900628
690,US,arin,assigned,20251104
691,CA,arin,assigned,19900723
692,DK,ripe,allocated,19900723
693,US,arin,assigned,19900723
694,US,arin,assigned,19900802
695,CH,ripe,allocated,19930901
696,CH,ripe,allocated,19930901
697,EU,ripe,allocated,19930901
698,US,arin,assigned,19900813
699,US,arin,assigned,20210914
700,US,arin,assigned,19900720
701,US,arin,assigned,19900803
702,US,arin,assigned,19900803
703,US,arin,assigned,19900803
704,US,arin,assigned,19900803
705,US,arin,assigned,19900803
706,US,arin,assigned,19900820
707,US,arin,assigned,19900820
708,US,arin,assigned,19900615
709,EU,ripe,allocated,19930901
710,EU,ripe,allocated,19930901
711,ES,arin,assigned,19900615
712,EU,ripe,allocated,19930901
713,US,arin,assigned,19900823
714,US,arin,assigned,00000000
715,US,arin,assigned,19970226
716,US,arin,assigned,00000000
717,US,arin,assigned,00000000
718,US,arin,assigned,00000000
719,FI,ripe,allocated,19930901
720,US,arin,assigned,19900911
721,US,arin,assigned,00000000
722,US,arin,assigned,00000000
723,US,arin,assigned,00000000
724,US,arin,assigned,00000000
725,US,arin,assigned,00000000
726,US,arin,assigned,00000000
727,US,arin,assigned,00000000
728,US,arin,assigned,00000000
729,US,arin,assigned,00000000
730,US,arin,assigned,00000000
731,US,arin,assigned,00000000
732,US,arin,assigned,00000000
733,US,arin,assigned,00000000
734,US,arin,assigned,00000000
735,US,arin,assigned,00000000
736,US,arin,assigned,00000000
737,US,arin,assigned,00000000
738,US,arin,assigned,00000000
739,US,arin,assigned,00000000
740,US,arin,assigned,00000000
741,US,arin,assigned,00000000
742,US,arin,assigned,00000000
743,US,arin,assigned,00000000
744,US,arin,assigned,00000000
745,US,arin,assigned,00000000
746,US,arin,assigned,00000000
747,US,arin,assigned,19900925
748,US,arin,assigned,00000000
749,US,arin,assigned,00000000
750,US,arin,assigned,19901008
751,US,arin,assigned,19901008
752,US,arin,assigned,19901008
753,US,arin,assigned,19901008
754,US,arin,assigned,19901008
755,US,arin,assigned,19901008
756,US,arin,assigned,19901008
757,US,arin,assigned,19901008
758,US,arin,assigned,19901008
759,US,arin,assigned,19901008
760,AT,ripe,allocated,19930901
761,EU,ripe,allocated,19930901
762,US,arin,assigned,00000000
763,US,arin,assigned,00000000
764,EU,ripe,allocated,19930901
765,US,arin,assigned,19901016
766,ES,ripe,allocated,19930901
767,US,arin,assigned,19901031
768,US,arin,assigned,19901031
769,US,arin,assigned,19901031
770,US,arin,assigned,19901031
771,US,arin,assigned,19901031
772,US,arin,assigned,19901109
773,US,arin,assigned,19901109
774,EU,ripe,allocated,19930901
775,EU,ripe,allocated,19930901
776,EU,ripe,allocated,19930901
777,EU,ripe,allocated,19930901
778,EU,ripe,allocated,19930901
779,EU,ripe,allocated,19930901
780,EU,ripe,allocated,19930901
781,EU,ripe,allocated,19930901
782,EU,ripe,allocated,19930901
783,EU,ripe,allocated,19930901
784,US,arin,assigned,19901120
785,US,arin,assigned,19901120
786,GB,ripe,allocated,19930901
787,US,arin,assigned,19901120
788,US,arin,assigned,19901202
789,EU,ripe,allocated,19930901
790,FI,ripe,allocated,19930901
791,US,arin,assigned,19901213
792,US,arin,assigned,19901213
793,US,arin,assigned,19901213
794,US,arin,assigned,19901213
795,US,arin,assigned,19901213
796,US,arin,assigned,19901213
797,US,arin,assigned,19901213
798,US,arin,assigned,19901218
799,US,arin,assigned,19901218
800,US,arin,assigned,20180820
801,US,arin,assigned,20211001
802,CA,arin,assigned,00000000
803,CA,arin,assigned,20020115
804,CA,arin,assigned,19901109
805,US,arin,assigned,20220614
806,CA,arin,assigned,19910617
807,US,arin,assigned,20220615
808,CA,arin,assigned,00000000
809,US,arin,assigned,20220615
810,CA,arin,assigned,19920819
811,CA,arin,assigned,19920819
812,CA,arin,assigned,20020724
813,US,arin,assigned,20020521
814,US,arin,assigned,20020521
815,US,arin,assigned,20020521
816,US,arin,assigned,20020521
817,US,arin,assigned,20020521
818,CA,arin,assigned,19930421
819,CA,arin,assigned,20010830
820,CA,arin,assigned,19940121
821,CA,arin,assigned,19940222
822,CA,arin,assigned,19940309
823,CA,arin,assigned,19940311
824,US,arin,assigned,19940329
825,CA,arin,assigned,19940504
826,CA,arin,assigned,19940506
827,CA,arin,assigned,19940512
828,CA,arin,assigned,19940601
829,CA,arin,assigned,19940601
830,CA,arin,assigned,19940601
831,CA,arin,assigned,19940601
832,CA,arin,assigned,19940601
833,US,arin,assigned,20220615
834,US,arin,assigned,20210414
835,CA,arin,assigned,20220616
836,US,arin,assigned,20220616
837,CA,arin,assigned,00000000
838,CA,arin,assigned,00000000
839,CA,arin,assigned,00000000
840,CA,arin,assigned,00000000
841,CA,arin,assigned,00000000
842,CA,arin,assigned,00000000
843,US,arin,assigned,20181130
844,,arin,reserved,
845,US,arin,assigned,20220616
846,US,arin,assigned,20220616
847,US,arin,assigned,20220616
848,US,arin,assigned,20220616
849,US,arin,assigned,20220616
850,US,arin,assigned,20220616
851,CA,arin,assigned,00000000
852,CA,arin,assigned,19980416
853,US,arin,assigned,20220616
854,US,arin,assigned,20220616
855,CA,arin,assigned,19900807
856,CA,arin,assigned,00000000
857,CA,arin,assigned,19900807
858,CA,arin,assigned,19900807
859,CA,arin,assigned,19900807
860,CA,arin,assigned,19900807
861,CA,arin,assigned,19900807
862,CA,arin,assigned,19900807
863,CA,arin,assigned,19900807
864,CA,arin,assigned,19900807
865,CA,arin,assigned,19900807
866,CA,arin,assigned,19900807
867,CA,arin,assigned,19900807
868,CA,arin,assigned,19900807
869,CA,arin,assigned,19900807
870,CA,arin,assigned,19900807
871,CA,arin,assigned,19900807
872,CA,arin,assigned,19900807
873,CA,arin,assigned,19900807
874,CA,arin,assigned,19900807
875,CA,arin,assigned,19900807
876,CA,arin,assigned,19900807
877,CA,arin,assigned,19900807
878,CA,arin,assigned,19900807
879,CA,arin,assigned,19900807
880,CA,arin,assigned,19900807
881,CA,arin,assigned,19900807
882,CA,arin,assigned,19900807
883,CA,arin,assigned,19900807
884,CA,arin,assigned,19900807
885,CA,arin,assigned,19900807
886,FR,arin,assigned,20220607
887,FR,arin,assigned,20220607
888,US,arin,assigned,20220607
889,US,arin,assigned,20220607
890,US,arin,assigned,20220607
891,US,arin,assigned,20220607
892,US,arin,assigned,20220607
893,US,arin,assigned,20220607
894,US,arin,assigned,20220607
895,US,arin,assigned,20220607
896,US,arin,assigned,20220608
897,US,arin,assigned,20220608
898,US,arin,assigned,20220608
899,US,arin,assigned,20220608
900,CA,arin,assigned,20220608
901,US,arin,assigned,20220608
902,US,arin,assigned,20220608
903,US,arin,assigned,20220608
904,US,arin,assigned,20250819
905,CA,arin,assigned,20220610
906,US,arin,assigned,20220610
907,US,arin,assigned,20220610
908,US,arin,assigned,20220610
909,CA,arin,assigned,20220610
910,US,arin,assigned,20220610
911,,arin,reserved,
912,CA,arin,assigned,20220613
913,CA,arin,assigned,20220613
914,US,arin,assigned,20220613
915,US,arin,assigned,20220613
916,US,arin,assigned,20220613
917,US,arin,assigned,20220613
918,SE,ripe,allocated,20220613
919,US,arin,assigned,20240603
920,,arin,reserved,
921,,arin,reserved,
922,CA,arin,assigned,20220613
923,US,arin,assigned,20220616
924,US,arin,assigned,20220616
925,US,arin,assigned,20220616
926,IM,ripe,allocated,20220616
927,US,arin,assigned,20220616
928,US,arin,assigned,20220616
929,US,arin,assigned,20220616
930,US,arin,assigned,20220616
931,SG,arin,assigned,20220616
932,US,arin,assigned,20220616
933,CA,arin,assigned,20220616
934,US,arin,assigned,20220617
935,,arin,reserved,
936,US,arin,assigned,20220617
937,,arin,reserved,
938,US,arin,assigned,20220617
939,US,arin,assigned,20220617
940,,arin,reserved,
941,US,arin,assigned,20220617
942,US,arin,assigned,20220617
943,US,arin,assigned,20220621
944,US,arin,assigned,20220621
945,JP,ripe,allocated,20220621
946,,arin,reserved,
947,US,arin,assigned,20220621
948,US,arin,assigned,20220621
949,US,arin,assigned,20220621
950,US,arin,assigned,20220621
951,US,arin,assigned,20220622
952,US,arin,assigned,20220622
953,US,arin,assigned,20220622
954,US,arin,assigned,20240620
955,US,arin,assigned,20220622
956,CA,arin,assigned,20220622
957,CA,arin,assigned,20220622
958,CA,arin,assigned,20220622
959,US,arin,assigned,20220622
960,US,arin,assigned,20220622
961,US,arin,assigned,20220622
962,US,arin,assigned,20220622
963,SG,apnic,allocated,20220622
964,US,arin,assigned,20220622
965,US,arin,assigned,20220622
966,US,arin,assigned,20220622
967,CA,arin,assigned,20220622
968,US,arin,assigned,20220622
969,US,arin,assigned,20220622
970,US,arin,assigned,20220622
971,US,arin,assigned,20220622
972,US,arin,assigned,20220622
973,US,arin,assigned,20220623
974,US,arin,assigned,20220623
975,US,arin,assigned,20220624
976,US,arin,assigned,20220624
977,CA,arin,assigned,20220624
978,US,arin,assigned,20220624
979,US,arin,assigned,20220624
980,US,arin,assigned,20220627
981,CA,arin,assigned,20220627
982,US,arin,assigned,20220627
983,US,arin,assigned,20220627
984,US,arin,assigned,20220627
985,MF,arin,assigned,20220627
986,US,arin,assigned,20220627
987,US,arin,assigned,20220627
988,MF,arin,assigned,20220627
989,US,arin,assigned,20220627
990,US,arin,assigned,20220627
991,CA,arin,assigned,20220627
992,US,arin,assigned,20220627
993,US,arin,assigned,20220627
994,US,arin,assigned,20220627
995,US,arin,assigned,20220627
996,US,arin,assigned,20220627
997,SG,apnic,allocated,20220628
998,US,arin,assigned,20220628
999,US,arin,assigned,20240611
1000,US,arin,assigned,20240906
